{
    "metrics": {
        "http_reqs": {
            "count": 21420,
            "rate": 71.50692549747848
        },
        "http_req_receiving": {
            "p(80)": 0.144,
            "p(90)": 0.188,
            "p(95)": 0.622,
            "p(99)": 17.186029999999988,
            "avg": 0.8080857609710556,
            "min": 0.018,
            "med": 0.096
        },
        "vus": {
            "min": 4,
            "max": 200,
            "value": 4
        },
        "iteration_duration": {
            "p(90)": 241940.4869834,
            "p(95)": 247065.1710418,
            "p(99)": 251880.794028,
            "avg": 164316.81771637057,
            "min": 21172.519125,
            "med": 204781.935792,
            "p(80)": 233612.8509336
        },
        "vus_max": {
            "min": 200,
            "max": 200,
            "value": 200
        },
        "http_req_blocked": {
            "p(80)": 0.006,
            "p(90)": 0.008,
            "p(95)": 0.01,
            "p(99)": 28.0502699999997,
            "avg": 29.05813039216698,
            "min": 0,
            "med": 0.001
        },
        "iterations": {
            "count": 197,
            "rate": 0.6576500617648581
        },
        "http_req_failed": {
            "fails": 19827,
            "passes": 1593,
            "thresholds": {
                "rate<0.01": true
            },
            "value": 0.07436974789915966
        },
        "http_req_waiting": {
            "med": 16.494,
            "p(80)": 5635.254,
            "p(90)": 7676.3719,
            "p(95)": 9088.0658,
            "p(99)": 12688.5998,
            "avg": 2113.947904388413,
            "min": 3.728
        },
        "http_req_duration": {
            "p(90)": 7676.4824,
            "p(95)": 9088.2346,
            "p(99)": 12688.68978,
            "avg": 2114.8112051353787,
            "min": 3.815,
            "med": 16.7285,
            "p(80)": 5636.3738,
            "thresholds": {
                "avg<2000": true,
                "p(95)<3000": true
            }
        },
        "http_req_sending": {
            "avg": 0.05521498599439662,
            "min": 0.003,
            "med": 0.041,
            "p(80)": 0.087,
            "p(90)": 0.126,
            "p(95)": 0.156,
            "p(99)": 0.199
        },
        "http_req_duration{expected_response:true}": {
            "p(99)": 13104.648459999997,
            "avg": 2283.8776924900317,
            "min": 5.122,
            "med": 21.158,
            "p(80)": 5946.910600000001,
            "p(90)": 7846.6744,
            "p(95)": 9218.788499999999
        },
        "http_req_connecting": {
            "avg": 0.8980099439775915,
            "min": 0,
            "med": 0,
            "p(80)": 0,
            "p(90)": 0,
            "p(95)": 0,
            "p(99)": 0.5557399999999897
        },
        "data_sent": {
            "count": 18625023,
            "rate": 62176.38338234468
        },
        "checks": {
            "passes": 8998,
            "fails": 4482,
            "thresholds": {
                "rate>0.99": true
            },
            "value": 0.6675074183976261
        },
        "http_req_tls_handshaking": {
            "min": 0,
            "med": 0,
            "p(80)": 0,
            "p(90)": 0,
            "p(95)": 0,
            "p(99)": 24.594929999999934,
            "avg": 28.141819000933715
        },
        "data_received": {
            "count": 100129556,
            "rate": 334265.0187202427
        }
    },
    "root_group": {
        "name": "",
        "path": "",
        "id": "d41d8cd98f00b204e9800998ecf8427e",
        "groups": {},
        "checks": {
                "public-calendar: status": {
                    "id": "f4a2bd2a905ce54949f6557dbd0b01da",
                    "passes": 315,
                    "fails": 0,
                    "name": "public-calendar: status",
                    "path": "::public-calendar: status"
                },
                "public-calendar: <3s": {
                    "passes": 315,
                    "fails": 0,
                    "name": "public-calendar: <3s",
                    "path": "::public-calendar: <3s",
                    "id": "fed5553f5a4ba7e364e348f2bfc33c61"
                },
                "mail-preview: status": {
                    "name": "mail-preview: status",
                    "path": "::mail-preview: status",
                    "id": "a6264d6586667efa795b8b6a3c2e9cd8",
                    "passes": 0,
                    "fails": 315
                },
                "mail-preview: <3s": {
                    "name": "mail-preview: <3s",
                    "path": "::mail-preview: <3s",
                    "id": "0490845b7b9f553426fb4d8963afe613",
                    "passes": 315,
                    "fails": 0
                },
                "admin-users: status": {
                    "passes": 315,
                    "fails": 0,
                    "name": "admin-users: status",
                    "path": "::admin-users: status",
                    "id": "a9710937c46f5b2e99645d0429e27c5c"
                },
                "admin-users: <3s": {
                    "id": "84f8b3aff97af6eb8436fdf19b2fa2d5",
                    "passes": 193,
                    "fails": 122,
                    "name": "admin-users: <3s",
                    "path": "::admin-users: <3s"
                },
                "admin-departments: status": {
                    "passes": 315,
                    "fails": 0,
                    "name": "admin-departments: status",
                    "path": "::admin-departments: status",
                    "id": "33a4a0b8468b3524e11d36ea48f586cb"
                },
                "admin-departments: <3s": {
                    "name": "admin-departments: <3s",
                    "path": "::admin-departments: <3s",
                    "id": "80eacdb608db414983654bcc4c094418",
                    "passes": 151,
                    "fails": 164
                },
                "admin-venues: status": {
                    "passes": 315,
                    "fails": 0,
                    "name": "admin-venues: status",
                    "path": "::admin-venues: status",
                    "id": "60c83966b153783a1a9e53b5baa05296"
                },
                "admin-venues: <3s": {
                    "name": "admin-venues: <3s",
                    "path": "::admin-venues: <3s",
                    "id": "90c8f4def4b1b17a2940b5712d588f59",
                    "passes": 148,
                    "fails": 167
                },
                "dsca-categories: status": {
                    "id": "f201acb8b4874f682a56f58fe37b0f81",
                    "passes": 314,
                    "fails": 0,
                    "name": "dsca-categories: status",
                    "path": "::dsca-categories: status"
                },
                "dsca-categories: <3s": {
                    "id": "e906a27d6e2e769c35f2c3cf0c1d056d",
                    "passes": 135,
                    "fails": 179,
                    "name": "dsca-categories: <3s",
                    "path": "::dsca-categories: <3s"
                },
                "admin-events: status": {
                    "name": "admin-events: status",
                    "path": "::admin-events: status",
                    "id": "33e9db26773e5b20b8a41482751f3650",
                    "passes": 311,
                    "fails": 0
                },
                "admin-events: <3s": {
                    "id": "9befa219043a919f9dd955e8a5b4a5ae",
                    "passes": 129,
                    "fails": 182,
                    "name": "admin-events: <3s",
                    "path": "::admin-events: <3s"
                },
                "admin-audit-log: status": {
                    "name": "admin-audit-log: status",
                    "path": "::admin-audit-log: status",